id,title,description,category,price,discountPercentage,rating,stock,brand,sku,weight,warrantyInformation,shippingInformation,availabilityStatus,returnPolicy,minimumOrderQuantity
1,Essence Mascara Lash Princess,The Essence Mascara Lash Princess is a popular mascara known for its volumizing and lengthening effects. Achieve dramatic lashes with this long-lasting and cruelty-free formula.,beauty,9.99,10.48,2.56,99,Essence,BEA-ESS-ESS-001,4,1 week warranty,Ships in 3-5 business days,In Stock,No return policy,48
2,Eyeshadow Palette with Mirror,"The Eyeshadow Palette with Mirror offers a versatile range of eyeshadow shades for creating stunning eye looks. With a built-in mirror, it's convenient for on-the-go makeup application.",beauty,19.99,18.19,2.86,34,Glamour Beauty,BEA-GLA-EYE-002,9,1 year warranty,Ships in 2 weeks,In Stock,7 days return policy,20
3,Powder Canister,"The Powder Canister is a finely milled setting powder designed to set makeup and control shine. With a lightweight and translucent formula, it provides a smooth and matte finish.",beauty,14.99,9.84,4.64,89,Velvet Touch,BEA-VEL-POW-003,8,3 months warranty,Ships in 1-2 business days,In Stock,No return policy,22
4,Red Lipstick,"The Red Lipstick is a classic and bold choice for adding a pop of color to your lips. With a creamy and pigmented formula, it provides a vibrant and long-lasting finish.",beauty,12.99,12.16,4.36,91,Chic Cosmetics,BEA-CHI-LIP-004,1,3 year warranty,Ships in 1 week,In Stock,7 days return policy,40
5,Red Nail Polish,"The Red Nail Polish offers a rich and glossy red hue for vibrant and polished nails. With a quick-drying formula, it provides a salon-quality finish at home.",beauty,8.99,11.44,4.32,79,Nail Couture,BEA-NAI-NAI-005,8,1 month warranty,Ships overnight,In Stock,No return policy,22
6,Calvin Klein CK One,"CK One by Calvin Klein is a classic unisex fragrance, known for its fresh and clean scent. It's a versatile fragrance suitable for everyday wear.",fragrances,49.99,1.89,4.37,29,Calvin Klein,FRA-CAL-CAL-006,7,1 week warranty,Ships overnight,In Stock,90 days return policy,9
7,Chanel Coco Noir Eau De,"Coco Noir by Chanel is an elegant and mysterious fragrance, featuring notes of grapefruit, rose, and sandalwood. Perfect for evening occasions.",fragrances,129.99,16.51,4.26,58,Chanel,FRA-CHA-CHA-007,7,3 year warranty,Ships overnight,In Stock,No return policy,1
8,Dior J'adore,"J'adore by Dior is a luxurious and floral fragrance, known for its blend of ylang-ylang, rose, and jasmine. It embodies femininity and sophistication.",fragrances,89.99,14.72,3.8,98,Dior,FRA-DIO-DIO-008,4,1 week warranty,Ships in 2 weeks,In Stock,7 days return policy,10
9,Dolce Shine Eau de,"Dolce Shine by Dolce & Gabbana is a vibrant and fruity fragrance, featuring notes of mango, jasmine, and blonde woods. It's a joyful and youthful scent.",fragrances,69.99,0.62,3.96,4,Dolce & Gabbana,FRA-DOL-DOL-009,6,3 year warranty,Ships in 1 month,Low Stock,7 days return policy,2
10,Gucci Bloom Eau de,"Gucci Bloom by Gucci is a floral and captivating fragrance, with notes of tuberose, jasmine, and Rangoon creeper. It's a modern and romantic scent.",fragrances,79.99,14.39,2.74,91,Gucci,FRA-GUC-GUC-010,7,6 months warranty,Ships overnight,In Stock,No return policy,2
11,Annibale Colombo Bed,"The Annibale Colombo Bed is a luxurious and elegant bed frame, crafted with high-quality materials for a comfortable and stylish bedroom.",furniture,1899.99,8.57,4.77,88,Annibale Colombo,FUR-ANN-ANN-011,10,1 year warranty,Ships in 1 month,In Stock,No return policy,1
12,Annibale Colombo Sofa,"The Annibale Colombo Sofa is a sophisticated and comfortable seating option, featuring exquisite design and premium upholstery for your living room.",furniture,2499.99,14.4,3.92,60,Annibale Colombo,FUR-ANN-ANN-012,6,Lifetime warranty,Ships in 1 week,In Stock,7 days return policy,1
13,Bedside Table African Cherry,"The Bedside Table in African Cherry is a stylish and functional addition to your bedroom, providing convenient storage space and a touch of elegance.",furniture,299.99,19.09,2.87,64,Furniture Co.,FUR-FUR-BED-013,2,5 year warranty,Ships overnight,In Stock,7 days return policy,3
14,Knoll Saarinen Executive Conference Chair,"The Knoll Saarinen Executive Conference Chair is a modern and ergonomic chair, perfect for your office or conference room with its timeless design.",furniture,499.99,2.01,4.88,26,Knoll,FUR-KNO-KNO-014,10,2 year warranty,Ships overnight,In Stock,60 days return policy,5
15,Wooden Bathroom Sink With Mirror,"The Wooden Bathroom Sink with Mirror is a unique and stylish addition to your bathroom, featuring a wooden sink countertop and a matching mirror.",furniture,799.99,8.8,3.59,7,Bath Trends,FUR-BAT-WOO-015,10,3 year warranty,Ships in 3-5 business days,Low Stock,60 days return policy,2
16,Apple,"Fresh and crisp apples, perfect for snacking or incorporating into various recipes.",groceries,1.99,12.62,4.19,8,,GRO-BRD-APP-016,9,3 year warranty,Ships in 2 weeks,In Stock,90 days return policy,7
17,Beef Steak,"High-quality beef steak, great for grilling or cooking to your preferred level of doneness.",groceries,12.99,9.61,4.47,86,,GRO-BRD-BEE-017,10,3 year warranty,Ships overnight,In Stock,60 days return policy,43
18,Cat Food,Nutritious cat food formulated to meet the dietary needs of your feline friend.,groceries,8.99,9.58,3.13,46,,GRO-BRD-FOO-018,10,1 year warranty,Ships overnight,In Stock,No return policy,18
19,Chicken Meat,"Fresh and tender chicken meat, suitable for various culinary preparations.",groceries,9.99,13.7,3.19,97,,GRO-BRD-CHI-019,1,1 year warranty,Ships in 1 month,In Stock,7 days return policy,22
20,Cooking Oil,"Versatile cooking oil suitable for frying, sautéing, and various culinary applications.",groceries,4.99,9.33,4.8,10,,GRO-BRD-COO-020,5,Lifetime warranty,Ships in 1-2 business days,In Stock,30 days return policy,46
21,Cucumber,"Crisp and hydrating cucumbers, ideal for salads, snacks, or as a refreshing side.",groceries,1.49,0.16,4.07,84,,GRO-BRD-CUC-021,4,2 year warranty,Ships in 1-2 business days,In Stock,7 days return policy,2
22,Dog Food,Specially formulated dog food designed to provide essential nutrients for your canine companion.,groceries,10.99,10.27,4.55,71,,GRO-BRD-FOO-022,10,No warranty,Ships in 1-2 business days,In Stock,60 days return policy,43
23,Eggs,"Fresh eggs, a versatile ingredient for baking, cooking, or breakfast.",groceries,2.99,11.05,2.53,9,,GRO-BRD-EGG-023,2,1 week warranty,Ships in 1 week,In Stock,No return policy,32
24,Fish Steak,"Quality fish steak, suitable for grilling, baking, or pan-searing.",groceries,14.99,4.23,3.78,74,,GRO-BRD-FIS-024,6,1 month warranty,Ships in 3-5 business days,In Stock,60 days return policy,50
25,Green Bell Pepper,"Fresh and vibrant green bell pepper, perfect for adding color and flavor to your dishes.",groceries,1.29,0.16,3.25,33,,GRO-BRD-GRE-025,2,1 month warranty,Ships in 1 week,In Stock,30 days return policy,12
26,Green Chili Pepper,"Spicy green chili pepper, ideal for adding heat to your favorite recipes.",groceries,0.99,1.0,3.66,3,,GRO-BRD-GRE-026,7,2 year warranty,Ships in 1 week,Low Stock,30 days return policy,39
27,Honey Jar,"Pure and natural honey in a convenient jar, perfect for sweetening beverages or drizzling over food.",groceries,6.99,14.4,3.97,34,,GRO-BRD-HON-027,2,1 month warranty,Ships in 1-2 business days,In Stock,90 days return policy,47
28,Ice Cream,"Creamy and delicious ice cream, available in various flavors for a delightful treat.",groceries,5.49,8.69,3.39,27,,GRO-BRD-CRE-028,1,1 month warranty,Ships in 2 weeks,In Stock,No return policy,42
29,Juice,"Refreshing fruit juice, packed with vitamins and great for staying hydrated.",groceries,3.99,12.06,3.94,50,,GRO-BRD-JUI-029,1,6 months warranty,Ships in 1 week,In Stock,No return policy,25
30,Kiwi,"Nutrient-rich kiwi, perfect for snacking or adding a tropical twist to your dishes.",groceries,2.49,15.22,4.93,99,,GRO-BRD-KIW-030,5,6 months warranty,Ships overnight,In Stock,7 days return policy,30
31,Lemon,"Zesty and tangy lemons, versatile for cooking, baking, or making refreshing beverages.",groceries,0.79,9.7,3.53,31,,GRO-BRD-LEM-031,3,No warranty,Ships in 1 month,In Stock,7 days return policy,29
32,Milk,"Fresh and nutritious milk, a staple for various recipes and daily consumption.",groceries,3.49,13.74,2.61,27,,GRO-BRD-MIL-032,5,3 year warranty,Ships in 2 weeks,In Stock,7 days return policy,5
33,Mulberry,"Sweet and juicy mulberries, perfect for snacking or adding to desserts and cereals.",groceries,4.99,12.87,4.95,99,,GRO-BRD-MUL-033,5,2 year warranty,Ships in 1 week,In Stock,No return policy,43
34,Nescafe Coffee,"Quality coffee from Nescafe, available in various blends for a rich and satisfying cup.",groceries,7.99,1.59,4.82,57,,GRO-BRD-NES-034,6,1 year warranty,Ships in 1-2 business days,In Stock,30 days return policy,8
35,Potatoes,"Versatile and starchy potatoes, great for roasting, mashing, or as a side dish.",groceries,2.29,5.38,4.81,13,,GRO-BRD-POT-035,9,3 year warranty,Ships in 3-5 business days,In Stock,90 days return policy,9
36,Protein Powder,"Nutrient-packed protein powder, ideal for supplementing your diet with essential proteins.",groceries,19.99,7.59,4.18,80,,GRO-BRD-PRO-036,9,1 week warranty,Ships in 1 month,In Stock,No return policy,6
37,Red Onions,"Flavorful and aromatic red onions, perfect for adding depth to your savory dishes.",groceries,1.99,9.9,4.2,82,,GRO-BRD-ONI-037,9,1 month warranty,Ships in 3-5 business days,In Stock,7 days return policy,8
38,Rice,"High-quality rice, a staple for various cuisines and a versatile base for many dishes.",groceries,5.99,9.29,3.18,59,,GRO-BRD-RIC-038,5,6 months warranty,Ships overnight,In Stock,No return policy,20
39,Soft Drinks,"Assorted soft drinks in various flavors, perfect for refreshing beverages.",groceries,1.99,17.48,4.75,53,,GRO-BRD-SOF-039,9,6 months warranty,Ships in 2 weeks,In Stock,7 days return policy,10
40,Strawberry,"Sweet and succulent strawberries, great for snacking, desserts, or blending into smoothies.",groceries,3.99,1.12,3.08,46,,GRO-BRD-STR-040,1,1 week warranty,Ships in 1-2 business days,In Stock,No return policy,12
41,Tissue Paper Box,"Convenient tissue paper box for everyday use, providing soft and absorbent tissues.",groceries,2.49,13.28,2.69,86,,GRO-BRD-TIS-041,1,No warranty,Ships in 1-2 business days,In Stock,90 days return policy,44
42,Water,"Pure and refreshing bottled water, essential for staying hydrated throughout the day.",groceries,0.99,14.92,4.96,53,,GRO-BRD-WAT-042,4,3 months warranty,Ships in 1 month,In Stock,7 days return policy,28
43,Decoration Swing,"The Decoration Swing is a charming addition to your home decor. Crafted with intricate details, it adds a touch of elegance and whimsy to any room.",home-decoration,59.99,10.41,3.16,47,,HOM-BRD-DEC-043,4,1 week warranty,Ships in 1 month,In Stock,90 days return policy,8
44,Family Tree Photo Frame,"The Family Tree Photo Frame is a sentimental and stylish way to display your cherished family memories. With multiple photo slots, it tells the story of your loved ones.",home-decoration,29.99,14.87,4.53,77,,HOM-BRD-FAM-044,1,1 month warranty,Ships in 2 weeks,In Stock,No return policy,15
45,House Showpiece Plant,The House Showpiece Plant is an artificial plant that brings a touch of nature to your home without the need for maintenance. It adds greenery and style to any space.,home-decoration,39.99,7.46,4.67,28,,HOM-BRD-HOU-045,8,1 year warranty,Ships in 1 week,In Stock,No return policy,3
46,Plant Pot,"The Plant Pot is a stylish container for your favorite plants. With a sleek design, it complements your indoor or outdoor garden, adding a modern touch to your plant display.",home-decoration,14.99,6.84,3.01,59,,HOM-BRD-PLA-046,9,Lifetime warranty,Ships in 3-5 business days,In Stock,30 days return policy,31
47,Table Lamp,"The Table Lamp is a functional and decorative lighting solution for your living space. With a modern design, it provides both ambient and task lighting, enhancing the atmosphere.",home-decoration,49.99,7.09,3.55,9,,HOM-BRD-TAB-047,4,3 months warranty,Ships in 1-2 business days,In Stock,90 days return policy,2
48,Bamboo Spatula,"The Bamboo Spatula is a versatile kitchen tool made from eco-friendly bamboo. Ideal for flipping, stirring, and serving various dishes.",kitchen-accessories,7.99,2.84,3.27,37,,KIT-BRD-BAM-048,3,1 month warranty,Ships overnight,In Stock,60 days return policy,29
49,Black Aluminium Cup,The Black Aluminium Cup is a stylish and durable cup suitable for both hot and cold beverages. Its sleek black design adds a modern touch to your drinkware collection.,kitchen-accessories,5.99,15.65,4.46,75,,KIT-BRD-BLA-049,7,1 year warranty,Ships overnight,In Stock,30 days return policy,48
50,Black Whisk,The Black Whisk is a kitchen essential for whisking and beating ingredients. Its ergonomic handle and sleek design make it a practical and stylish tool.,kitchen-accessories,9.99,10.24,3.9,73,,KIT-BRD-BLA-050,1,3 months warranty,Ships in 1 month,In Stock,30 days return policy,40
51,Boxed Blender,"The Boxed Blender is a powerful and compact blender perfect for smoothies, shakes, and more. Its convenient design and multiple functions make it a versatile kitchen appliance.",kitchen-accessories,39.99,7.26,4.56,9,,KIT-BRD-BOX-051,1,5 year warranty,Ships in 1-2 business days,In Stock,7 days return policy,4
52,Carbon Steel Wok,"The Carbon Steel Wok is a versatile cooking pan suitable for stir-frying, sautéing, and deep frying. Its sturdy construction ensures even heat distribution for delicious meals.",kitchen-accessories,29.99,6.53,4.05,40,,KIT-BRD-CAR-052,2,2 year warranty,Ships in 1-2 business days,In Stock,7 days return policy,9
53,Chopping Board,"The Chopping Board is an essential kitchen accessory for food preparation. Made from durable material, it provides a safe and hygienic surface for cutting and chopping.",kitchen-accessories,12.99,8.03,3.7,14,,KIT-BRD-CHO-053,2,3 months warranty,Ships in 2 weeks,In Stock,No return policy,5
54,Citrus Squeezer Yellow,The Citrus Squeezer in Yellow is a handy tool for extracting juice from citrus fruits. Its vibrant color adds a cheerful touch to your kitchen gadgets.,kitchen-accessories,8.99,12.1,4.63,22,,KIT-BRD-CIT-054,2,2 year warranty,Ships in 3-5 business days,In Stock,60 days return policy,38
55,Egg Slicer,"The Egg Slicer is a convenient tool for slicing boiled eggs evenly. It's perfect for salads, sandwiches, and other dishes where sliced eggs are desired.",kitchen-accessories,6.99,14.76,3.09,40,,KIT-BRD-SLI-055,2,1 week warranty,Ships in 1 month,In Stock,No return policy,32
56,Electric Stove,The Electric Stove provides a portable and efficient cooking solution. Ideal for small kitchens or as an additional cooking surface for various culinary needs.,kitchen-accessories,49.99,14.04,4.11,21,,KIT-BRD-ELE-056,5,2 year warranty,Ships in 1 week,In Stock,7 days return policy,8
57,Fine Mesh Strainer,The Fine Mesh Strainer is a versatile tool for straining liquids and sifting dry ingredients. Its fine mesh ensures efficient filtering for smooth cooking and baking.,kitchen-accessories,9.99,3.5,3.04,85,,KIT-BRD-FIN-057,9,1 month warranty,Ships overnight,In Stock,7 days return policy,43
58,Fork,The Fork is a classic utensil for various dining and serving purposes. Its durable and ergonomic design makes it a reliable choice for everyday use.,kitchen-accessories,3.99,8.07,3.11,7,,KIT-BRD-FOR-058,9,No warranty,Ships in 1 month,In Stock,No return policy,36
59,Glass,The Glass is a versatile and elegant drinking vessel suitable for a variety of beverages. Its clear design allows you to enjoy the colors and textures of your drinks.,kitchen-accessories,4.99,7.92,4.02,46,,KIT-BRD-GLA-059,10,3 year warranty,Ships overnight,In Stock,7 days return policy,17
60,Grater Black,"The Grater in Black is a handy kitchen tool for grating cheese, vegetables, and more. Its sleek design and sharp blades make food preparation efficient and easy.",kitchen-accessories,10.99,3.56,3.21,84,,KIT-BRD-GRA-060,3,1 month warranty,Ships in 1 week,In Stock,60 days return policy,5
61,Hand Blender,"The Hand Blender is a versatile kitchen appliance for blending, pureeing, and mixing. Its compact design and powerful motor make it a convenient tool for various recipes.",kitchen-accessories,34.99,17.02,3.86,84,,KIT-BRD-HAN-061,5,1 year warranty,Ships in 1 week,In Stock,No return policy,11
62,Ice Cube Tray,The Ice Cube Tray is a practical accessory for making ice cubes in various shapes. Perfect for keeping your drinks cool and adding a fun element to your beverages.,kitchen-accessories,5.99,0.63,4.71,13,,KIT-BRD-CUB-062,3,1 month warranty,Ships overnight,In Stock,No return policy,16
63,Kitchen Sieve,The Kitchen Sieve is a versatile tool for sifting and straining dry and wet ingredients. Its fine mesh design ensures smooth results in your cooking and baking.,kitchen-accessories,7.99,18.91,3.09,68,,KIT-BRD-KIT-063,5,1 month warranty,Ships overnight,In Stock,No return policy,5
64,Knife,"The Knife is an essential kitchen tool for chopping, slicing, and dicing. Its sharp blade and ergonomic handle make it a reliable choice for food preparation.",kitchen-accessories,14.99,18.86,3.26,7,,KIT-BRD-KNI-064,3,1 month warranty,Ships in 1 week,Low Stock,7 days return policy,50
65,Lunch Box,"The Lunch Box is a convenient and portable container for packing and carrying your meals. With compartments for different foods, it's perfect for on-the-go dining.",kitchen-accessories,12.99,10.34,4.93,94,,KIT-BRD-LUN-065,9,5 year warranty,Ships in 1-2 business days,In Stock,30 days return policy,39
66,Microwave Oven,"The Microwave Oven is a versatile kitchen appliance for quick and efficient cooking, reheating, and defrosting. Its compact size makes it suitable for various kitchen setups.",kitchen-accessories,89.99,12.13,4.82,59,,KIT-BRD-MIC-066,9,1 year warranty,Ships in 1 week,In Stock,7 days return policy,4
67,Mug Tree Stand,The Mug Tree Stand is a stylish and space-saving solution for organizing your mugs. Keep your favorite mugs easily accessible and neatly displayed in your kitchen.,kitchen-accessories,15.99,9.25,2.64,88,,KIT-BRD-TRE-067,3,1 year warranty,Ships in 1 month,In Stock,30 days return policy,45
68,Pan,"The Pan is a versatile and essential cookware item for frying, sautéing, and cooking various dishes. Its non-stick coating ensures easy food release and cleanup.",kitchen-accessories,24.99,3.0,2.79,90,,KIT-BRD-PRD-068,8,1 year warranty,Ships in 3-5 business days,In Stock,30 days return policy,17
69,Plate,The Plate is a classic and essential dishware item for serving meals. Its durable and stylish design makes it suitable for everyday use or special occasions.,kitchen-accessories,3.99,7.31,3.65,66,,KIT-BRD-PLA-069,4,1 year warranty,Ships in 1-2 business days,In Stock,90 days return policy,6
70,Red Tongs,The Red Tongs are versatile kitchen tongs suitable for various cooking and serving tasks. Their vibrant color adds a pop of excitement to your kitchen utensils.,kitchen-accessories,6.99,14.52,4.42,82,,KIT-BRD-TON-070,7,No warranty,Ships in 1 week,In Stock,30 days return policy,23
71,Silver Pot With Glass Cap,"The Silver Pot with Glass Cap is a stylish and functional cookware item for boiling, simmering, and preparing delicious meals. Its glass cap allows you to monitor cooking progress.",kitchen-accessories,39.99,5.7,3.22,40,,KIT-BRD-SIL-071,7,1 year warranty,Ships in 1 month,In Stock,90 days return policy,10
72,Slotted Turner,"The Slotted Turner is a kitchen utensil designed for flipping and turning food items. Its slotted design allows excess liquid to drain, making it ideal for frying and sautéing.",kitchen-accessories,8.99,13.35,3.4,88,,KIT-BRD-SLO-072,8,Lifetime warranty,Ships in 1-2 business days,In Stock,7 days return policy,34
73,Spice Rack,The Spice Rack is a convenient organizer for your spices and seasonings. Keep your kitchen essentials within reach and neatly arranged with this stylish spice rack.,kitchen-accessories,19.99,12.09,4.87,79,,KIT-BRD-SPI-073,7,1 week warranty,Ships overnight,In Stock,7 days return policy,18
74,Spoon,"The Spoon is a versatile kitchen utensil for stirring, serving, and tasting. Its ergonomic design and durable construction make it an essential tool for every kitchen.",kitchen-accessories,4.99,1.53,4.03,59,,KIT-BRD-SPO-074,6,1 year warranty,Ships in 1-2 business days,In Stock,90 days return policy,15
75,Tray,"The Tray is a functional and decorative item for serving snacks, appetizers, or drinks. Its stylish design makes it a versatile accessory for entertaining guests.",kitchen-accessories,16.99,7.48,4.62,71,,KIT-BRD-TRA-075,10,5 year warranty,Ships in 2 weeks,In Stock,7 days return policy,23
76,Wooden Rolling Pin,The Wooden Rolling Pin is a classic kitchen tool for rolling out dough for baking. Its smooth surface and sturdy handles make it easy to achieve uniform thickness.,kitchen-accessories,11.99,9.75,2.92,80,,KIT-BRD-WOO-076,7,3 year warranty,Ships in 2 weeks,In Stock,30 days return policy,11
77,Yellow Peeler,The Yellow Peeler is a handy tool for peeling fruits and vegetables with ease. Its bright yellow color adds a cheerful touch to your kitchen gadgets.,kitchen-accessories,5.99,12.48,4.24,35,,KIT-BRD-YEL-077,7,1 month warranty,Ships in 3-5 business days,In Stock,90 days return policy,6
78,Apple MacBook Pro 14 Inch Space Grey,"The MacBook Pro 14 Inch in Space Grey is a powerful and sleek laptop, featuring Apple's M1 Pro chip for exceptional performance and a stunning Retina display.",laptops,1999.99,4.69,3.65,24,Apple,LAP-APP-APP-078,9,3 year warranty,Ships in 2 weeks,In Stock,90 days return policy,1
79,Asus Zenbook Pro Dual Screen Laptop,"The Asus Zenbook Pro Dual Screen Laptop is a high-performance device with dual screens, providing productivity and versatility for creative professionals.",laptops,1799.99,11.14,3.95,45,Asus,LAP-ASU-ASU-079,9,3 year warranty,Ships in 1 month,In Stock,7 days return policy,1
80,Huawei Matebook X Pro,"The Huawei Matebook X Pro is a slim and stylish laptop with a high-resolution touchscreen display, offering a premium experience for users on the go.",laptops,1399.99,9.38,4.98,75,Huawei,LAP-HUA-HUA-080,9,No warranty,Ships overnight,In Stock,60 days return policy,1
81,Lenovo Yoga 920,"The Lenovo Yoga 920 is a 2-in-1 convertible laptop with a flexible hinge, allowing you to use it as a laptop or tablet, offering versatility and portability.",laptops,1099.99,6.55,2.86,40,Lenovo,LAP-LEN-LEN-081,9,6 months warranty,Ships in 2 weeks,In Stock,No return policy,1
82,New DELL XPS 13 9300 Laptop,"The New DELL XPS 13 9300 Laptop is a compact and powerful device, featuring a virtually borderless InfinityEdge display and high-end performance for various tasks.",laptops,1499.99,11.89,2.67,74,Dell,LAP-DEL-DEL-082,2,2 year warranty,Ships in 2 weeks,In Stock,60 days return policy,1
83,Blue & Black Check Shirt,"The Blue & Black Check Shirt is a stylish and comfortable men's shirt featuring a classic check pattern. Made from high-quality fabric, it's suitable for both casual and semi-formal occasions.",mens-shirts,29.99,15.35,3.64,38,Fashion Trends,MEN-FAS-BLU-083,4,3 year warranty,Ships in 3-5 business days,In Stock,30 days return policy,18
84,Gigabyte Aorus Men Tshirt,"The Gigabyte Aorus Men Tshirt is a cool and casual shirt for gaming enthusiasts. With the Aorus logo and sleek design, it's perfect for expressing your gaming style.",mens-shirts,24.99,0.94,3.18,90,Gigabyte,MEN-GIG-GIG-084,4,3 year warranty,Ships overnight,In Stock,30 days return policy,16
85,Man Plaid Shirt,The Man Plaid Shirt is a timeless and versatile men's shirt with a classic plaid pattern. Its comfortable fit and casual style make it a wardrobe essential for various occasions.,mens-shirts,34.99,19.5,3.46,82,Classic Wear,MEN-CLA-PLA-085,3,1 week warranty,Ships in 1-2 business days,In Stock,7 days return policy,13
86,Man Short Sleeve Shirt,"The Man Short Sleeve Shirt is a breezy and stylish option for warm days. With a comfortable fit and short sleeves, it's perfect for a laid-back yet polished look.",mens-shirts,19.99,6.83,2.9,2,Casual Comfort,MEN-CAS-SHO-086,2,3 year warranty,Ships in 2 weeks,Low Stock,30 days return policy,4
87,Men Check Shirt,"The Men Check Shirt is a classic and versatile shirt featuring a stylish check pattern. Suitable for various occasions, it adds a smart and polished touch to your wardrobe.",mens-shirts,27.99,11.38,2.72,95,Urban Chic,MEN-URB-CHE-087,10,No warranty,Ships in 1-2 business days,In Stock,30 days return policy,12
88,Nike Air Jordan 1 Red And Black,"The Nike Air Jordan 1 in Red and Black is an iconic basketball sneaker known for its stylish design and high-performance features, making it a favorite among sneaker enthusiasts and athletes.",mens-shoes,149.99,4.12,4.77,7,Nike,MEN-NIK-NIK-088,3,1 year warranty,Ships in 1 week,In Stock,No return policy,1
89,Nike Baseball Cleats,Nike Baseball Cleats are designed for maximum traction and performance on the baseball field. They provide stability and support for players during games and practices.,mens-shoes,79.99,18.04,3.88,12,Nike,MEN-NIK-NIK-089,9,6 months warranty,Ships in 2 weeks,In Stock,No return policy,3
90,Puma Future Rider Trainers,"The Puma Future Rider Trainers offer a blend of retro style and modern comfort. Perfect for casual wear, these trainers provide a fashionable and comfortable option for everyday use.",mens-shoes,89.99,4.2,4.9,90,Puma,MEN-PUM-PUM-090,6,5 year warranty,Ships in 1-2 business days,In Stock,90 days return policy,10
91,Sports Sneakers Off White & Red,"The Sports Sneakers in Off White and Red combine style and functionality, making them a fashionable choice for sports enthusiasts. The red and off-white color combination adds a bold and energetic touch.",mens-shoes,119.99,4.97,4.77,17,Off White,MEN-OFF-SPO-091,7,1 week warranty,Ships in 3-5 business days,In Stock,30 days return policy,5
92,Sports Sneakers Off White Red,"Another variant of the Sports Sneakers in Off White Red, featuring a unique design. These sneakers offer style and comfort for casual occasions.",mens-shoes,109.99,0.04,4.69,62,Off White,MEN-OFF-SPO-092,9,3 months warranty,Ships overnight,In Stock,60 days return policy,3
93,Brown Leather Belt Watch,"The Brown Leather Belt Watch is a stylish timepiece with a classic design. Featuring a genuine leather strap and a sleek dial, it adds a touch of sophistication to your look.",mens-watches,89.99,5.99,4.19,32,Fashion Timepieces,MEN-FAS-BRO-093,10,1 year warranty,Ships in 1 month,In Stock,30 days return policy,7
94,Longines Master Collection,"The Longines Master Collection is an elegant and refined watch known for its precision and craftsmanship. With a timeless design, it's a symbol of luxury and sophistication.",mens-watches,1499.99,17.24,3.87,100,Longines,MEN-LON-LON-094,4,1 week warranty,Ships in 1-2 business days,In Stock,7 days return policy,1
95,Rolex Cellini Date Black Dial,"The Rolex Cellini Date with Black Dial is a classic and prestigious watch. With a black dial and date complication, it exudes sophistication and is a symbol of Rolex's heritage.",mens-watches,8999.99,8.88,4.97,40,Rolex,MEN-ROL-ROL-095,2,3 months warranty,Ships in 1 week,In Stock,90 days return policy,1
96,Rolex Cellini Moonphase,"The Rolex Cellini Moonphase is a masterpiece of horology, featuring a moon phase complication and exquisite design. It reflects Rolex's commitment to precision and elegance.",mens-watches,12999.99,17.52,2.58,36,Rolex,MEN-ROL-ROL-096,2,6 months warranty,Ships overnight,In Stock,7 days return policy,1
97,Rolex Datejust,"The Rolex Datejust is an iconic and versatile timepiece with a date window. Known for its timeless design and reliability, it's a symbol of Rolex's watchmaking excellence.",mens-watches,10999.99,3.73,3.66,86,Rolex,MEN-ROL-ROL-097,4,2 year warranty,Ships in 1 month,In Stock,7 days return policy,1
98,Rolex Submariner Watch,"The Rolex Submariner is a legendary dive watch with a rich history. Known for its durability and water resistance, it's a symbol of adventure and exploration.",mens-watches,13999.99,5.05,2.69,55,Rolex,MEN-ROL-ROL-098,4,5 year warranty,Ships in 1 month,In Stock,90 days return policy,1
99,Amazon Echo Plus,The Amazon Echo Plus is a smart speaker with built-in Alexa voice control. It features premium sound quality and serves as a hub for controlling smart home devices.,mobile-accessories,99.99,12.07,4.99,61,Amazon,MOB-AMA-AMA-099,5,6 months warranty,Ships in 1 week,In Stock,7 days return policy,9
100,Apple Airpods,"The Apple Airpods offer a seamless wireless audio experience. With easy pairing, high-quality sound, and Siri integration, they are perfect for on-the-go listening.",mobile-accessories,129.99,15.54,4.15,67,Apple,MOB-APP-APP-100,4,3 year warranty,Ships in 3-5 business days,In Stock,No return policy,4
101,Apple AirPods Max Silver,"The Apple AirPods Max in Silver are premium over-ear headphones with high-fidelity audio, adaptive EQ, and active noise cancellation. Experience immersive sound in style.",mobile-accessories,549.99,13.67,3.47,59,Apple,MOB-APP-APP-101,2,No warranty,Ships in 2 weeks,In Stock,No return policy,1
102,Apple Airpower Wireless Charger,The Apple AirPower Wireless Charger provides a convenient way to charge your compatible Apple devices wirelessly. Simply place your devices on the charging mat for effortless charging.,mobile-accessories,79.99,4.48,3.68,1,Apple,MOB-APP-APP-102,5,2 year warranty,Ships in 1 week,Low Stock,90 days return policy,7
103,Apple HomePod Mini Cosmic Grey,The Apple HomePod Mini in Cosmic Grey is a compact smart speaker that delivers impressive audio and integrates seamlessly with the Apple ecosystem for a smart home experience.,mobile-accessories,99.99,18.1,4.62,27,Apple,MOB-APP-APP-103,10,3 months warranty,Ships in 1 month,In Stock,90 days return policy,8
104,Apple iPhone Charger,The Apple iPhone Charger is a high-quality charger designed for fast and efficient charging of your iPhone. Ensure your device stays powered up and ready to go.,mobile-accessories,19.99,18.52,4.15,31,Apple,MOB-APP-APP-104,1,1 year warranty,Ships in 2 weeks,In Stock,90 days return policy,14
105,Apple MagSafe Battery Pack,The Apple MagSafe Battery Pack is a portable and convenient way to add extra battery life to your MagSafe-compatible iPhone. Attach it magnetically for a secure connection.,mobile-accessories,99.99,17.17,3.62,1,Apple,MOB-APP-APP-105,6,2 year warranty,Ships overnight,Low Stock,No return policy,4
106,Apple Watch Series 4 Gold,"The Apple Watch Series 4 in Gold is a stylish and advanced smartwatch with features like heart rate monitoring, fitness tracking, and a beautiful Retina display.",mobile-accessories,349.99,12.02,2.74,33,Apple,MOB-APP-APP-106,6,6 months warranty,Ships in 1 month,In Stock,No return policy,3
107,Beats Flex Wireless Earphones,"The Beats Flex Wireless Earphones offer a comfortable and versatile audio experience. With magnetic earbuds and up to 12 hours of battery life, they are ideal for everyday use.",mobile-accessories,49.99,5.73,4.24,50,Beats,MOB-BEA-BEA-107,8,1 year warranty,Ships in 1-2 business days,In Stock,7 days return policy,17
108,iPhone 12 Silicone Case with MagSafe Plum,The iPhone 12 Silicone Case with MagSafe in Plum is a stylish and protective case designed for the iPhone 12. It features MagSafe technology for easy attachment of accessories.,mobile-accessories,29.99,13.85,3.62,69,Apple,MOB-APP-IPH-108,7,3 months warranty,Ships in 3-5 business days,In Stock,90 days return policy,4
109,Monopod,"The Monopod is a versatile camera accessory for stable and adjustable shooting. Perfect for capturing selfies, group photos, and videos with ease.",mobile-accessories,19.99,8.58,4.43,48,TechGear,MOB-TEC-MON-109,10,1 year warranty,Ships in 1-2 business days,In Stock,60 days return policy,30
110,Selfie Lamp with iPhone,The Selfie Lamp with iPhone is a portable and adjustable LED light designed to enhance your selfies and video calls. Attach it to your iPhone for well-lit photos.,mobile-accessories,14.99,19.4,3.55,58,GadgetMaster,MOB-GAD-SEL-110,10,Lifetime warranty,Ships in 2 weeks,In Stock,60 days return policy,22
111,Selfie Stick Monopod,The Selfie Stick Monopod is a extendable and foldable device for capturing the perfect selfie or group photo. Compatible with smartphones and cameras.,mobile-accessories,12.99,19.12,3.88,11,SnapTech,MOB-SNA-SEL-111,2,3 year warranty,Ships in 1-2 business days,In Stock,30 days return policy,8
112,TV Studio Camera Pedestal,The TV Studio Camera Pedestal is a professional-grade camera support system for smooth and precise camera movements in a studio setting. Ideal for broadcast and production.,mobile-accessories,499.99,8.31,2.78,15,ProVision,MOB-PRO-STU-112,4,3 months warranty,Ships in 1-2 business days,In Stock,7 days return policy,1
113,Generic Motorcycle,"The Generic Motorcycle is a versatile and reliable bike suitable for various riding preferences. With a balanced design, it provides a comfortable and efficient riding experience.",motorcycle,3999.99,12.1,4.91,34,Generic Motors,MOT-GEN-GEN-113,8,1 year warranty,Ships in 2 weeks,In Stock,7 days return policy,1
114,Kawasaki Z800,"The Kawasaki Z800 is a powerful and agile sportbike known for its striking design and performance. It's equipped with advanced features, making it a favorite among motorcycle enthusiasts.",motorcycle,8999.99,9.77,3.98,52,Kawasaki,MOT-KAW-KAW-114,9,Lifetime warranty,Ships in 3-5 business days,In Stock,90 days return policy,1
115,MotoGP CI.H1,The MotoGP CI.H1 is a high-performance motorcycle inspired by MotoGP racing technology. It offers cutting-edge features and precision engineering for an exhilarating riding experience.,motorcycle,14999.99,6.92,2.97,10,MotoGP,MOT-MOT-MOT-115,1,1 month warranty,Ships in 3-5 business days,In Stock,30 days return policy,1
116,Scooter Motorcycle,The Scooter Motorcycle is a practical and fuel-efficient bike ideal for urban commuting. It features a step-through design and user-friendly controls for easy maneuverability.,motorcycle,2999.99,6.27,2.53,84,ScootMaster,MOT-SCO-SCO-116,7,5 year warranty,Ships overnight,In Stock,7 days return policy,1
117,Sportbike Motorcycle,"The Sportbike Motorcycle is designed for speed and agility, with a sleek and aerodynamic profile. It's suitable for riders looking for a dynamic and thrilling riding experience.",motorcycle,7499.99,11.58,3.94,0,SpeedMaster,MOT-SPE-SPO-117,10,5 year warranty,Ships in 2 weeks,Out of Stock,30 days return policy,1
118,Attitude Super Leaves Hand Soap,"Attitude Super Leaves Hand Soap is a natural and nourishing hand soap enriched with the goodness of super leaves. It cleanses and moisturizes your hands, leaving them feeling fresh and soft.",skin-care,8.99,18.49,3.19,94,Attitude,SKI-ATT-ATT-118,1,6 months warranty,Ships overnight,In Stock,60 days return policy,41
119,Olay Ultra Moisture Shea Butter Body Wash,Olay Ultra Moisture Shea Butter Body Wash is a luxurious body wash that hydrates and nourishes your skin with the moisturizing power of shea butter. Enjoy a rich lather and silky-smooth skin.,skin-care,12.99,16.39,4.51,34,Olay,SKI-OLA-OLA-119,4,1 year warranty,Ships in 1-2 business days,In Stock,30 days return policy,33
120,Vaseline Men Body and Face Lotion,Vaseline Men Body and Face Lotion is a specially formulated lotion designed to provide long-lasting moisture to men's skin. It absorbs quickly and helps keep the skin hydrated and healthy.,skin-care,9.99,13.39,3.16,95,Vaseline,SKI-VAS-VAS-120,4,Lifetime warranty,Ships overnight,In Stock,90 days return policy,9
121,iPhone 5s,"The iPhone 5s is a classic smartphone known for its compact design and advanced features during its release. While it's an older model, it still provides a reliable user experience.",smartphones,199.99,12.91,2.83,25,Apple,SMA-APP-IPH-121,2,Lifetime warranty,Ships in 1 month,In Stock,60 days return policy,3
122,iPhone 6,"The iPhone 6 is a stylish and capable smartphone with a larger display and improved performance. It introduced new features and design elements, making it a popular choice in its time.",smartphones,299.99,6.69,3.41,60,Apple,SMA-APP-IPH-122,7,1 month warranty,Ships overnight,In Stock,7 days return policy,5
123,iPhone 13 Pro,"The iPhone 13 Pro is a cutting-edge smartphone with a powerful camera system, high-performance chip, and stunning display. It offers advanced features for users who demand top-notch technology.",smartphones,1099.99,9.37,4.12,56,Apple,SMA-APP-IPH-123,8,3 year warranty,Ships in 2 weeks,In Stock,7 days return policy,1
124,iPhone X,"The iPhone X is a flagship smartphone featuring a bezel-less OLED display, facial recognition technology (Face ID), and impressive performance. It represents a milestone in iPhone design and innovation.",smartphones,899.99,19.59,2.51,37,Apple,SMA-APP-IPH-124,1,3 months warranty,Ships in 3-5 business days,In Stock,7 days return policy,2
125,Oppo A57,"The Oppo A57 is a mid-range smartphone known for its sleek design and capable features. It offers a balance of performance and affordability, making it a popular choice.",smartphones,249.99,2.43,3.94,19,Oppo,SMA-OPP-OPP-125,5,Lifetime warranty,Ships in 3-5 business days,In Stock,90 days return policy,3
126,Oppo F19 Pro Plus,The Oppo F19 Pro Plus is a feature-rich smartphone with a focus on camera capabilities. It boasts advanced photography features and a powerful performance for a premium user experience.,smartphones,399.99,18.64,3.51,78,Oppo,SMA-OPP-OPP-126,6,3 year warranty,Ships in 1 week,In Stock,90 days return policy,1
127,Oppo K1,"The Oppo K1 series offers a range of smartphones with various features and specifications. Known for their stylish design and reliable performance, the Oppo K1 series caters to diverse user preferences.",smartphones,299.99,18.29,4.25,55,Oppo,SMA-OPP-OPP-127,5,1 month warranty,Ships in 1-2 business days,In Stock,30 days return policy,5
128,Realme C35,The Realme C35 is a budget-friendly smartphone with a focus on providing essential features for everyday use. It offers a reliable performance and user-friendly experience.,smartphones,149.99,15.3,4.2,48,Realme,SMA-REA-REA-128,2,3 year warranty,Ships overnight,In Stock,90 days return policy,3
129,Realme X,The Realme X is a mid-range smartphone known for its sleek design and impressive display. It offers a good balance of performance and camera capabilities for users seeking a quality device.,smartphones,299.99,6.95,3.7,12,Realme,SMA-REA-REA-129,4,1 month warranty,Ships in 3-5 business days,In Stock,No return policy,3
130,Realme XT,"The Realme XT is a feature-rich smartphone with a focus on camera technology. It comes equipped with advanced camera sensors, delivering high-quality photos and videos for photography enthusiasts.",smartphones,349.99,11.51,4.58,80,Realme,SMA-REA-REA-130,3,3 year warranty,Ships in 1 month,In Stock,60 days return policy,3
131,Samsung Galaxy S7,"The Samsung Galaxy S7 is a flagship smartphone known for its sleek design and advanced features. It features a high-resolution display, powerful camera, and robust performance.",smartphones,299.99,19.55,3.3,67,Samsung,SMA-SAM-SAM-131,10,3 months warranty,Ships in 3-5 business days,In Stock,No return policy,1
132,Samsung Galaxy S8,"The Samsung Galaxy S8 is a premium smartphone with an Infinity Display, offering a stunning visual experience. It boasts advanced camera capabilities and cutting-edge technology.",smartphones,499.99,19.45,4.4,0,Samsung,SMA-SAM-SAM-132,6,2 year warranty,Ships in 1 week,Out of Stock,No return policy,4
133,Samsung Galaxy S10,"The Samsung Galaxy S10 is a flagship device featuring a dynamic AMOLED display, versatile camera system, and powerful performance. It represents innovation and excellence in smartphone technology.",smartphones,699.99,5.59,3.06,19,Samsung,SMA-SAM-SAM-133,9,No warranty,Ships in 2 weeks,In Stock,30 days return policy,2
134,Vivo S1,"The Vivo S1 is a stylish and mid-range smartphone offering a blend of design and performance. It features a vibrant display, capable camera system, and reliable functionality.",smartphones,249.99,10.17,3.5,50,Vivo,SMA-VIV-VIV-134,4,6 months warranty,Ships in 3-5 business days,In Stock,7 days return policy,1
135,Vivo V9,"The Vivo V9 is a smartphone known for its sleek design and emphasis on capturing high-quality selfies. It features a notch display, dual-camera setup, and a modern design.",smartphones,299.99,17.67,3.6,82,Vivo,SMA-VIV-VIV-135,4,2 year warranty,Ships in 1 month,In Stock,60 days return policy,2
136,Vivo X21,"The Vivo X21 is a premium smartphone with a focus on cutting-edge technology. It features an in-display fingerprint sensor, a high-resolution display, and advanced camera capabilities.",smartphones,499.99,17.41,4.26,7,Vivo,SMA-VIV-VIV-136,10,1 year warranty,Ships in 1-2 business days,In Stock,60 days return policy,3
137,American Football,"The American Football is a classic ball used in American football games. It is designed for throwing and catching, making it an essential piece of equipment for the sport.",sports-accessories,19.99,4.93,4.91,53,,SPO-BRD-AME-137,2,6 months warranty,Ships in 1 month,In Stock,90 days return policy,1
138,Baseball Ball,"The Baseball Ball is a standard baseball used in baseball games. It features a durable leather cover and is designed for pitching, hitting, and fielding in the game of baseball.",sports-accessories,8.99,1.71,2.57,100,,SPO-BRD-BAS-138,5,6 months warranty,Ships in 1 week,In Stock,30 days return policy,11
139,Baseball Glove,"The Baseball Glove is a protective glove worn by baseball players. It is designed to catch and field the baseball, providing players with comfort and control during the game.",sports-accessories,24.99,2.9,3.96,22,,SPO-BRD-BAS-139,1,Lifetime warranty,Ships in 2 weeks,In Stock,90 days return policy,8
140,Basketball,"The Basketball is a standard ball used in basketball games. It is designed for dribbling, shooting, and passing in the game of basketball, suitable for both indoor and outdoor play.",sports-accessories,14.99,7.44,4.66,75,,SPO-BRD-BAS-140,7,1 year warranty,Ships in 1 week,In Stock,90 days return policy,11
141,Basketball Rim,The Basketball Rim is a sturdy hoop and net assembly mounted on a basketball backboard. It provides a target for shooting and scoring in the game of basketball.,sports-accessories,39.99,7.74,4.6,43,,SPO-BRD-BAS-141,1,3 months warranty,Ships overnight,In Stock,No return policy,9
142,Cricket Ball,"The Cricket Ball is a hard leather ball used in the sport of cricket. It is bowled and batted in the game, and its hardness and seam contribute to the dynamics of cricket play.",sports-accessories,12.99,8.63,3.53,30,,SPO-BRD-CRI-142,7,3 year warranty,Ships in 3-5 business days,In Stock,7 days return policy,11
143,Cricket Bat,The Cricket Bat is an essential piece of cricket equipment used by batsmen to hit the cricket ball. It is made of wood and comes in various sizes and designs.,sports-accessories,29.99,3.29,3.17,98,,SPO-BRD-CRI-143,10,1 year warranty,Ships in 1-2 business days,In Stock,No return policy,16
144,Cricket Helmet,"The Cricket Helmet is a protective headgear worn by cricket players, especially batsmen and wicketkeepers. It provides protection against fast bowling and bouncers.",sports-accessories,44.99,9.64,4.69,10,,SPO-BRD-CRI-144,10,Lifetime warranty,Ships overnight,In Stock,60 days return policy,4
145,Cricket Wicket,"The Cricket Wicket is a set of three stumps and two bails, forming a wicket used in the sport of cricket. Batsmen aim to protect the wicket while scoring runs.",sports-accessories,29.99,16.93,4.73,25,,SPO-BRD-CRI-145,5,3 months warranty,Ships overnight,In Stock,No return policy,20
146,Feather Shuttlecock,"The Feather Shuttlecock is used in the sport of badminton. It features natural feathers and is designed for high-speed play, providing stability and accuracy during matches.",sports-accessories,5.99,2.95,2.85,95,,SPO-BRD-FEA-146,4,3 year warranty,Ships in 1-2 business days,In Stock,60 days return policy,30
147,Football,"The Football, also known as a soccer ball, is the standard ball used in the sport of football (soccer). It is designed for kicking and passing in the game.",sports-accessories,17.99,5.15,3.28,96,,SPO-BRD-FOO-147,1,Lifetime warranty,Ships overnight,In Stock,7 days return policy,27
148,Golf Ball,"The Golf Ball is a small ball used in the sport of golf. It features dimples on its surface, providing aerodynamic lift and distance when struck by a golf club.",sports-accessories,9.99,17.37,4.3,84,,SPO-BRD-GOL-148,3,1 year warranty,Ships in 3-5 business days,In Stock,No return policy,40
149,Iron Golf,"The Iron Golf is a type of golf club designed for various golf shots. It features a solid metal head and is used for approach shots, chipping, and other golfing techniques.",sports-accessories,49.99,6.53,4.41,90,,SPO-BRD-IRO-149,2,3 months warranty,Ships in 2 weeks,In Stock,7 days return policy,8
150,Metal Baseball Bat,The Metal Baseball Bat is a durable and lightweight baseball bat made from metal alloys. It is commonly used in baseball games for hitting and batting practice.,sports-accessories,29.99,19.51,4.66,16,,SPO-BRD-MET-150,7,3 year warranty,Ships in 1 week,In Stock,60 days return policy,9
151,Tennis Ball,The Tennis Ball is a standard ball used in the sport of tennis. It is designed for bouncing and hitting with tennis rackets during matches or practice sessions.,sports-accessories,6.99,11.76,4.06,28,,SPO-BRD-TEN-151,3,5 year warranty,Ships in 1 week,In Stock,7 days return policy,6
152,Tennis Racket,"The Tennis Racket is an essential piece of equipment used in the sport of tennis. It features a frame with strings and a grip, allowing players to hit the tennis ball.",sports-accessories,49.99,19.61,4.03,6,,SPO-BRD-TEN-152,7,5 year warranty,Ships overnight,Low Stock,7 days return policy,5
153,Volleyball,"The Volleyball is a standard ball used in the sport of volleyball. It is designed for passing, setting, and spiking over the net during volleyball matches.",sports-accessories,11.99,12.25,3.84,0,,SPO-BRD-VOL-153,3,1 week warranty,Ships in 1 week,Out of Stock,90 days return policy,44
154,Black Sun Glasses,"The Black Sun Glasses are a classic and stylish choice, featuring a sleek black frame and tinted lenses. They provide both UV protection and a fashionable look.",sunglasses,29.99,4.94,4.41,60,Fashion Shades,SUN-FAS-BLA-154,1,No warranty,Ships in 1-2 business days,In Stock,7 days return policy,17
155,Classic Sun Glasses,The Classic Sun Glasses offer a timeless design with a neutral frame and UV-protected lenses. These sunglasses are versatile and suitable for various occasions.,sunglasses,24.99,4.94,3.86,1,Fashion Shades,SUN-FAS-CLA-155,8,6 months warranty,Ships in 1 month,Low Stock,90 days return policy,18
156,Green and Black Glasses,"The Green and Black Glasses feature a bold combination of green and black colors, adding a touch of vibrancy to your eyewear collection. They are both stylish and eye-catching.",sunglasses,34.99,1.01,4.55,24,Fashion Shades,SUN-FAS-GRE-156,7,1 year warranty,Ships overnight,In Stock,30 days return policy,15
157,Party Glasses,"The Party Glasses are designed to add flair to your party outfit. With unique shapes or colorful frames, they're perfect for adding a playful touch to your look during celebrations.",sunglasses,19.99,11.22,2.79,86,Fashion Fun,SUN-FAS-PAR-157,9,3 months warranty,Ships overnight,In Stock,7 days return policy,39
158,Sunglasses,The Sunglasses offer a classic and simple design with a focus on functionality. These sunglasses provide essential UV protection while maintaining a timeless look.,sunglasses,22.99,1.51,3.02,27,Fashion Shades,SUN-FAS-SUN-158,1,3 year warranty,Ships in 3-5 business days,In Stock,60 days return policy,8
159,iPad Mini 2021 Starlight,"The iPad Mini 2021 in Starlight is a compact and powerful tablet from Apple. Featuring a stunning Retina display, powerful A-series chip, and a sleek design, it offers a premium tablet experience.",tablets,499.99,3.64,3.18,47,Apple,TAB-APP-IPA-159,5,2 year warranty,Ships in 1-2 business days,In Stock,No return policy,3
160,Samsung Galaxy Tab S8 Plus Grey,"The Samsung Galaxy Tab S8 Plus in Grey is a high-performance Android tablet by Samsung. With a large AMOLED display, powerful processor, and S Pen support, it's ideal for productivity and entertainment.",tablets,599.99,13.31,4.68,62,Samsung,TAB-SAM-SAM-160,1,3 months warranty,Ships in 2 weeks,In Stock,7 days return policy,1
161,Samsung Galaxy Tab White,"The Samsung Galaxy Tab in White is a sleek and versatile Android tablet. With a vibrant display, long-lasting battery, and a range of features, it offers a great user experience for various tasks.",tablets,349.99,18.2,3.72,92,Samsung,TAB-SAM-SAM-161,5,3 months warranty,Ships overnight,In Stock,7 days return policy,5
162,Blue Frock,"The Blue Frock is a charming and stylish dress for various occasions. With a vibrant blue color and a comfortable design, it adds a touch of elegance to your wardrobe.",tops,29.99,12.13,4.17,52,,TOP-BRD-BLU-162,5,Lifetime warranty,Ships in 2 weeks,In Stock,60 days return policy,4
163,Girl Summer Dress,"The Girl Summer Dress is a cute and breezy dress designed for warm weather. With playful patterns and lightweight fabric, it's perfect for keeping cool and stylish during the summer.",tops,19.99,19.2,4.77,43,,TOP-BRD-GIR-163,5,Lifetime warranty,Ships in 1 month,In Stock,60 days return policy,46
164,Gray Dress,"The Gray Dress is a versatile and chic option for various occasions. With a neutral gray color, it can be dressed up or down, making it a wardrobe staple for any fashion-forward individual.",tops,34.99,14.28,2.72,55,,TOP-BRD-GRA-164,1,1 month warranty,Ships in 1 month,In Stock,90 days return policy,13
165,Short Frock,"The Short Frock is a playful and trendy dress with a shorter length. Ideal for casual outings or special occasions, it combines style and comfort for a fashionable look.",tops,24.99,13.45,3.23,22,,TOP-BRD-SHO-165,10,1 year warranty,Ships in 1-2 business days,In Stock,30 days return policy,5
166,Tartan Dress,"The Tartan Dress features a classic tartan pattern, bringing a timeless and sophisticated touch to your wardrobe. Perfect for fall and winter, it adds a hint of traditional charm.",tops,39.99,12.95,4.05,73,,TOP-BRD-TAR-166,8,1 month warranty,Ships overnight,In Stock,No return policy,1
167,300 Touring,"The 300 Touring is a stylish and comfortable sedan, known for its luxurious features and smooth performance.",vehicle,28999.99,3.98,4.05,54,Chrysler,VEH-CHR-TOU-167,9,3 year warranty,Ships in 2 weeks,In Stock,30 days return policy,1
168,Charger SXT RWD,"The Charger SXT RWD is a powerful and sporty rear-wheel-drive sedan, offering a blend of performance and practicality.",vehicle,32999.99,8.23,2.58,57,Dodge,VEH-DOD-CHA-168,6,1 month warranty,Ships in 3-5 business days,In Stock,No return policy,1
169,Dodge Hornet GT Plus,"The Dodge Hornet GT Plus is a compact and agile hatchback, perfect for urban driving with a touch of sportiness.",vehicle,24999.99,2.63,2.65,82,Dodge,VEH-DOD-DOD-169,8,1 year warranty,Ships in 1 month,In Stock,60 days return policy,1
170,Durango SXT RWD,"The Durango SXT RWD is a spacious and versatile SUV, known for its strong performance and family-friendly features.",vehicle,36999.99,16.44,4.07,95,Dodge,VEH-DOD-DUR-170,1,2 year warranty,Ships in 1 month,In Stock,30 days return policy,1
171,Pacifica Touring,"The Pacifica Touring is a stylish and well-equipped minivan, offering comfort and convenience for family journeys.",vehicle,31999.99,14.76,3.62,53,Chrysler,VEH-CHR-PAC-171,9,1 month warranty,Ships overnight,In Stock,60 days return policy,1
172,Blue Women's Handbag,"The Blue Women's Handbag is a stylish and spacious accessory for everyday use. With a vibrant blue color and multiple compartments, it combines fashion and functionality.",womens-bags,49.99,17.88,2.92,76,Fashionista,WOM-FAS-BLU-172,7,1 year warranty,Ships in 1 week,In Stock,7 days return policy,5
173,Heshe Women's Leather Bag,"The Heshe Women's Leather Bag is a luxurious and high-quality leather bag for the sophisticated woman. With a timeless design and durable craftsmanship, it's a versatile accessory.",womens-bags,129.99,3.87,4.92,99,Heshe,WOM-HES-HES-173,3,5 year warranty,Ships overnight,In Stock,90 days return policy,5
174,Prada Women Bag,"The Prada Women Bag is an iconic designer bag that exudes elegance and luxury. Crafted with precision and featuring the Prada logo, it's a statement piece for fashion enthusiasts.",womens-bags,599.99,14.09,2.71,75,Prada,WOM-PRA-PRA-174,4,3 year warranty,Ships in 1-2 business days,In Stock,60 days return policy,1
175,White Faux Leather Backpack,"The White Faux Leather Backpack is a trendy and practical backpack for the modern woman. With a sleek white design and ample storage space, it's perfect for both casual and on-the-go styles.",womens-bags,39.99,15.2,3.36,39,Urban Chic,WOM-URB-WHI-175,7,2 year warranty,Ships in 1 week,In Stock,90 days return policy,7
176,Women Handbag Black,"The Women Handbag in Black is a classic and versatile accessory that complements various outfits. With a timeless black color and functional design, it's a must-have in every woman's wardrobe.",womens-bags,59.99,11.63,2.89,11,Elegance Collection,WOM-ELE-WOM-176,6,Lifetime warranty,Ships in 1 month,In Stock,60 days return policy,9
177,Black Women's Gown,"The Black Women's Gown is an elegant and timeless evening gown. With a sleek black design, it's perfect for formal events and special occasions, exuding sophistication and style.",womens-dresses,129.99,10.48,3.64,25,,WOM-BRD-BLA-177,2,Lifetime warranty,Ships in 1 week,In Stock,No return policy,5
178,Corset Leather With Skirt,"The Corset Leather With Skirt is a bold and edgy ensemble that combines a stylish corset with a matching skirt. Ideal for fashion-forward individuals, it makes a statement at any event.",womens-dresses,89.99,16.26,3.05,30,,WOM-BRD-COR-178,1,2 year warranty,Ships overnight,In Stock,30 days return policy,3
179,Corset With Black Skirt,The Corset With Black Skirt is a chic and versatile outfit that pairs a fashionable corset with a classic black skirt. It offers a trendy and coordinated look for various occasions.,womens-dresses,79.99,15.06,4.52,33,,WOM-BRD-COR-179,7,1 month warranty,Ships in 1 week,In Stock,No return policy,5
180,Dress Pea,"The Dress Pea is a stylish and comfortable dress with a pea pattern. Perfect for casual outings, it adds a playful and fun element to your wardrobe, making it a great choice for day-to-day wear.",womens-dresses,49.99,17.68,4.88,6,,WOM-BRD-DRE-180,1,2 year warranty,Ships overnight,Low Stock,90 days return policy,6
181,Marni Red & Black Suit,"The Marni Red & Black Suit is a sophisticated and fashion-forward suit ensemble. With a combination of red and black tones, it showcases a modern design for a bold and confident look.",womens-dresses,179.99,19.02,4.48,62,,WOM-BRD-MAR-181,3,5 year warranty,Ships in 2 weeks,In Stock,90 days return policy,2
182,Green Crystal Earring,"The Green Crystal Earring is a dazzling accessory that features a vibrant green crystal. With a classic design, it adds a touch of elegance to your ensemble, perfect for formal or special occasions.",womens-jewellery,29.99,15.24,3.96,54,,WOM-BRD-GRE-182,2,5 year warranty,Ships in 3-5 business days,In Stock,60 days return policy,15
183,Green Oval Earring,"The Green Oval Earring is a stylish and versatile accessory with a unique oval shape. Whether for casual or dressy occasions, its green hue and contemporary design make it a standout piece.",womens-jewellery,24.99,15.18,3.57,73,,WOM-BRD-GRE-183,10,3 months warranty,Ships in 3-5 business days,In Stock,60 days return policy,19
184,Tropical Earring,"The Tropical Earring is a fun and playful accessory inspired by tropical elements. Featuring vibrant colors and a lively design, it's perfect for adding a touch of summer to your look.",womens-jewellery,19.99,0.76,4.4,1,,WOM-BRD-TRO-184,3,3 year warranty,Ships in 1-2 business days,Low Stock,7 days return policy,31
185,Black & Brown Slipper,"The Black & Brown Slipper is a comfortable and stylish choice for casual wear. Featuring a blend of black and brown colors, it adds a touch of sophistication to your relaxation.",womens-shoes,19.99,3.33,2.53,3,Comfort Trends,WOM-COM-BLA-185,5,Lifetime warranty,Ships in 1 month,Low Stock,60 days return policy,47
186,Calvin Klein Heel Shoes,"Calvin Klein Heel Shoes are elegant and sophisticated, designed for formal occasions. With a classic design and high-quality materials, they complement your stylish ensemble.",womens-shoes,79.99,3.19,4.92,93,Calvin Klein,WOM-CAL-CAL-186,6,2 year warranty,Ships in 1 week,In Stock,60 days return policy,6
187,Golden Shoes Woman,"The Golden Shoes for Women are a glamorous choice for special occasions. Featuring a golden hue and stylish design, they add a touch of luxury to your outfit.",womens-shoes,49.99,13.93,3.26,88,Fashion Diva,WOM-FAS-GOL-187,4,6 months warranty,Ships in 2 weeks,In Stock,7 days return policy,7
188,Pampi Shoes,"Pampi Shoes offer a blend of comfort and style for everyday use. With a versatile design, they are suitable for various casual occasions, providing a trendy and relaxed look.",womens-shoes,29.99,14.14,3.05,49,Pampi,WOM-PAM-PAM-188,7,No warranty,Ships in 1 week,In Stock,60 days return policy,12
189,Red Shoes,"The Red Shoes make a bold statement with their vibrant red color. Whether for a party or a casual outing, these shoes add a pop of color and style to your wardrobe.",womens-shoes,34.99,17.69,3.25,7,Fashion Express,WOM-FAS-SHO-189,10,No warranty,Ships in 1 month,Low Stock,60 days return policy,8
190,IWC Ingenieur Automatic Steel,"The IWC Ingenieur Automatic Steel watch is a durable and sophisticated timepiece. With a stainless steel case and automatic movement, it combines precision and style for watch enthusiasts.",womens-watches,4999.99,9.45,2.93,90,IWC,WOM-IWC-ING-190,3,1 year warranty,Ships overnight,In Stock,No return policy,1
191,Rolex Cellini Moonphase,"The Rolex Cellini Moonphase watch is a masterpiece of horology. Featuring a moon phase complication, it showcases the craftsmanship and elegance that Rolex is renowned for.",womens-watches,15999.99,4.11,3.83,52,Rolex,WOM-ROL-ROL-191,10,1 month warranty,Ships in 1 week,In Stock,30 days return policy,1
192,Rolex Datejust Women,"The Rolex Datejust Women's watch is an iconic timepiece designed for women. With a timeless design and a date complication, it offers both elegance and functionality.",womens-watches,10999.99,15.94,2.86,4,Rolex,WOM-ROL-ROL-192,3,5 year warranty,Ships in 2 weeks,Low Stock,No return policy,1
193,Watch Gold for Women,"The Gold Women's Watch is a stunning accessory that combines luxury and style. Featuring a gold-plated case and a chic design, it adds a touch of glamour to any outfit.",womens-watches,799.99,18.34,4.24,0,Fashion Gold,WOM-FAS-WAT-193,1,2 year warranty,Ships in 1-2 business days,Out of Stock,60 days return policy,1
194,Women's Wrist Watch,"The Women's Wrist Watch is a versatile and fashionable timepiece for everyday wear. With a comfortable strap and a simple yet elegant design, it complements various styles.",womens-watches,129.99,12.6,3.52,12,Fashion Co.,WOM-FAS-WOM-194,1,1 year warranty,Ships in 2 weeks,In Stock,No return policy,5
